id,video_id,buffering_bitrate_audio,buffering_bitrate_video,buffering_state,buffering_vmaf,duration,framerate,player_state,playing_bitrate_video,playing_bitrate_audio,playing_vmaf,position,rendering_state,resolution,segment_position,timestamp,total_corrupted_frames,total_dropped_frames,total_frames,volume,bitrate
2175,5,,,Pre-buffering,,,,Loading,,,,,Waiting for decoder,,,2022-06-23T18:53:31.266,,,,,187
2176,5,96,4977,Pre-buffering,,2119.200,23.976,Normal,,,,1819.001,Waiting for decoder,,1819.001,2022-06-23T18:53:32.267,0,0,0,100,4977
2177,5,96,4977,Normal,96,2119.200,23.976,Normal,4977,96,96,1819.001,Waiting for decoder,1920x1080,1819.001,2022-06-23T18:53:33.266,0,0,0,100,4977
2178,5,96,4977,Normal,96,2119.200,23.976,Normal,4977,96,96,1819.001,Waiting for decoder,1920x1080,1819.001,2022-06-23T18:53:34.294,0,0,3,100,4977
2179,5,96,4977,Normal,96,2119.200,23.976,Normal,4977,96,96,1820.351,Playing,1920x1080,1820.351,2022-06-23T18:53:35.321,0,2,90,100,4977
2180,5,96,4977,Normal,96,2119.200,23.976,Normal,4977,96,96,1820.351,Playing,1920x1080,1820.351,2022-06-23T18:53:36.266,0,2,90,100,4977
2181,5,96,4977,Normal,96,2119.200,23.976,Normal,4977,96,96,1821.178,Playing,1920x1080,1821.178,2022-06-23T18:53:37.266,0,2,113,100,4977
2182,5,96,4977,Normal,96,2119.200,23.976,Normal,4977,96,96,1822.183,Playing,1920x1080,1822.183,2022-06-23T18:53:38.266,0,2,138,100,4977
2183,5,96,4977,Normal,96,2119.200,23.976,Normal,4977,96,96,1823.395,Playing,1920x1080,1823.395,2022-06-23T18:53:39.270,0,2,162,100,4977
2184,5,96,4977,Normal,96,2119.200,23.976,Normal,4977,96,96,1824.309,Playing,1920x1080,1824.309,2022-06-23T18:53:40.266,0,2,186,100,4977
2185,5,96,4977,Normal,96,2119.200,23.976,Normal,4977,96,96,1825.380,Playing,1920x1080,1825.380,2022-06-23T18:53:41.275,0,2,210,100,4977
2186,5,96,4977,Normal,96,2119.200,23.976,Normal,4977,96,96,1826.179,Playing,1920x1080,1826.179,2022-06-23T18:53:42.285,0,2,234,100,4977
2187,5,96,4977,Normal,96,2119.200,23.976,Normal,4977,96,96,1827.233,Playing,1920x1080,1827.233,2022-06-23T18:53:43.272,0,2,259,100,4977
2188,5,96,4977,Normal,96,2119.200,23.976,Normal,4977,96,96,1828.311,Playing,1920x1080,1828.311,2022-06-23T18:53:44.282,0,2,283,100,4977
2189,5,96,4977,Normal,96,2119.200,23.976,Normal,4977,96,96,1829.404,Playing,1920x1080,1829.404,2022-06-23T18:53:45.273,0,2,307,100,4977
2190,5,96,4977,Normal,96,2119.200,23.976,Normal,4977,96,96,1830.184,Playing,1920x1080,1830.184,2022-06-23T18:53:46.267,0,2,331,100,4977
2191,5,96,4977,Normal,96,2119.200,23.976,Normal,4977,96,96,1831.255,Playing,1920x1080,1831.255,2022-06-23T18:53:47.281,0,2,355,100,4977
2192,5,96,4977,Normal,96,2119.200,23.976,Normal,4977,96,96,1832.315,Playing,1920x1080,1832.315,2022-06-23T18:53:48.274,0,2,379,100,4977
2193,5,96,4977,Normal,96,2119.200,23.976,Normal,4977,96,96,1833.372,Playing,1920x1080,1833.372,2022-06-23T18:53:49.271,0,2,403,100,4977
2194,5,96,4977,Normal,96,2119.200,23.976,Normal,4977,96,96,1834.183,Playing,1920x1080,1834.183,2022-06-23T18:53:50.270,0,2,428,100,4977
2195,5,96,4977,Normal,96,2119.200,23.976,Normal,4977,96,96,1835.268,Playing,1920x1080,1835.268,2022-06-23T18:53:51.270,0,2,451,100,4977
2196,5,96,4977,Normal,96,2119.200,23.976,Normal,4977,96,96,1836.351,Playing,1920x1080,1836.351,2022-06-23T18:53:52.268,0,2,476,100,4977
2197,5,96,4977,Normal,96,2119.200,23.976,Normal,4977,96,96,1837.396,Playing,1920x1080,1837.396,2022-06-23T18:53:53.268,0,2,500,100,4977
2198,5,96,4977,Normal,96,2119.200,23.976,Normal,4977,96,96,1838.450,Playing,1920x1080,1838.450,2022-06-23T18:53:54.273,0,2,524,100,4977
2199,5,96,4977,Normal,96,2119.200,23.976,Normal,4977,96,96,1839.276,Playing,1920x1080,1839.276,2022-06-23T18:53:55.270,0,2,548,100,4977
2200,5,96,4977,Normal,96,2119.200,23.976,Normal,4977,96,96,1840.344,Playing,1920x1080,1840.344,2022-06-23T18:53:56.268,0,2,572,100,4977
2201,5,96,4977,Normal,96,2119.200,23.976,Normal,4977,96,96,1841.411,Playing,1920x1080,1841.411,2022-06-23T18:53:57.277,0,2,596,100,4977
2202,5,96,4977,Normal,96,2119.200,23.976,Normal,4977,96,96,1842.466,Playing,1920x1080,1842.466,2022-06-23T18:53:58.272,0,2,621,100,4977
2203,5,96,4977,Normal,96,2119.200,23.976,Normal,4977,96,96,1843.274,Playing,1920x1080,1843.274,2022-06-23T18:53:59.273,0,2,645,100,4977
2204,5,96,4977,Normal,96,2119.200,23.976,Normal,4977,96,96,1844.333,Playing,1920x1080,1844.333,2022-06-23T18:54:00.269,0,2,669,100,4977
2205,5,96,4977,Normal,96,2119.200,23.976,Normal,4977,96,96,1845.396,Playing,1920x1080,1845.396,2022-06-23T18:54:01.281,0,2,694,100,4977
2206,5,96,4977,Normal,96,2119.200,23.976,Normal,4977,96,96,1846.455,Playing,1920x1080,1846.455,2022-06-23T18:54:02.278,0,2,718,100,4977
2207,5,96,4977,Normal,96,2119.200,23.976,Normal,4977,96,96,1847.514,Playing,1920x1080,1847.514,2022-06-23T18:54:03.271,0,2,742,100,4977
2208,5,96,4977,Normal,96,2119.200,23.976,Normal,4977,96,96,1848.308,Playing,1920x1080,1848.308,2022-06-23T18:54:04.268,0,2,766,100,4977
2209,5,96,4977,Normal,96,2119.200,23.976,Normal,4977,96,96,1849.394,Playing,1920x1080,1849.394,2022-06-23T18:54:05.266,0,2,790,100,4977
2210,5,96,4977,Normal,96,2119.200,23.976,Normal,4977,96,96,1850.453,Playing,1920x1080,1850.453,2022-06-23T18:54:06.275,0,2,814,100,4977
2211,5,96,4977,Normal,96,2119.200,23.976,Normal,4977,96,96,1851.513,Playing,1920x1080,1851.513,2022-06-23T18:54:07.271,0,2,838,100,4977
2212,5,96,4977,Normal,96,2119.200,23.976,Normal,4977,96,96,1852.308,Playing,1920x1080,1852.308,2022-06-23T18:54:08.275,0,2,862,100,4977
2213,5,96,4977,Normal,96,2119.200,23.976,Normal,4977,96,96,1853.458,Playing,1920x1080,1853.458,2022-06-23T18:54:09.277,0,2,886,100,4977
2214,5,96,4977,Normal,96,2119.200,23.976,Normal,4977,96,96,1854.451,Playing,1920x1080,1854.451,2022-06-23T18:54:10.270,0,2,911,100,4977
2215,5,96,4977,Normal,96,2119.200,23.976,Normal,4977,96,96,1855.521,Playing,1920x1080,1855.521,2022-06-23T18:54:11.266,0,2,935,100,4977
2216,5,96,4977,Normal,96,2119.200,23.976,Normal,4977,96,96,1856.579,Playing,1920x1080,1856.579,2022-06-23T18:54:12.279,0,2,959,100,4977
2217,5,96,4977,Normal,96,2119.200,23.976,Normal,4977,96,96,1857.375,Playing,1920x1080,1857.375,2022-06-23T18:54:13.281,0,2,984,100,4977
2218,5,96,4977,Normal,96,2119.200,23.976,Normal,4977,96,96,1858.448,Playing,1920x1080,1858.448,2022-06-23T18:54:14.266,0,2,1008,100,4977
2219,5,96,4977,Normal,96,2119.200,23.976,Normal,4977,96,96,1859.502,Playing,1920x1080,1859.502,2022-06-23T18:54:15.267,0,2,1032,100,4977
2220,5,96,4977,Normal,96,2119.200,23.976,Normal,4977,96,96,1860.562,Playing,1920x1080,1860.562,2022-06-23T18:54:16.281,0,2,1056,100,4977
2221,5,96,4977,Normal,96,2119.200,23.976,Normal,4977,96,96,1861.628,Playing,1920x1080,1861.628,2022-06-23T18:54:17.274,0,2,1080,100,4977
2222,5,96,4977,Normal,96,2119.200,23.976,Normal,4977,96,96,1862.431,Playing,1920x1080,1862.431,2022-06-23T18:54:18.269,0,2,1104,100,4977
2223,5,96,4977,Normal,96,2119.200,23.976,Normal,4977,96,96,1863.486,Playing,1920x1080,1863.486,2022-06-23T18:54:19.277,0,2,1129,100,4977
2224,5,96,4977,Normal,96,2119.200,23.976,Normal,4977,96,96,1864.543,Playing,1920x1080,1864.543,2022-06-23T18:54:20.269,0,2,1153,100,4977
2225,5,96,4977,Normal,96,2119.200,23.976,Normal,4977,96,96,1865.613,Playing,1920x1080,1865.613,2022-06-23T18:54:21.284,0,2,1177,100,4977
2226,5,96,4977,Normal,96,2119.200,23.976,Normal,4977,96,96,1866.698,Playing,1920x1080,1866.698,2022-06-23T18:54:22.270,0,2,1201,100,4977
2227,5,96,4977,Normal,96,2119.200,23.976,Normal,4977,96,96,1867.465,Playing,1920x1080,1867.465,2022-06-23T18:54:23.266,0,2,1220,100,4977
2228,5,96,4977,Normal,96,2119.200,23.976,Normal,4977,96,96,1868.533,Playing,1920x1080,1868.533,2022-06-23T18:54:24.267,0,6,1249,100,4977
2229,5,96,4977,Normal,96,2119.200,23.976,Normal,4977,96,96,1869.590,Playing,1920x1080,1869.590,2022-06-23T18:54:25.266,0,6,1273,100,4977
2230,5,96,4977,Normal,96,2119.200,23.976,Normal,4977,96,96,1870.654,Playing,1920x1080,1870.654,2022-06-23T18:54:26.266,0,6,1297,100,4977
2231,5,96,4977,Normal,96,2119.200,23.976,Normal,4977,96,96,1871.450,Playing,1920x1080,1871.450,2022-06-23T18:54:27.280,0,6,1321,100,4977
2232,5,96,4977,Normal,96,2119.200,23.976,Normal,4977,96,96,1872.516,Playing,1920x1080,1872.516,2022-06-23T18:54:28.279,0,6,1345,100,4977
2233,5,96,4977,Normal,96,2119.200,23.976,Normal,4977,96,96,1873.575,Playing,1920x1080,1873.575,2022-06-23T18:54:29.269,0,6,1370,100,4977
2234,5,96,4977,Normal,96,2119.200,23.976,Normal,4977,96,96,1874.644,Playing,1920x1080,1874.644,2022-06-23T18:54:30.277,0,6,1394,100,4977
2235,5,96,4977,Normal,96,2119.200,23.976,Normal,4977,96,96,1875.702,Playing,1920x1080,1875.702,2022-06-23T18:54:31.274,0,6,1418,100,4977
2236,5,96,4977,Normal,96,2119.200,23.976,Normal,4977,96,96,1876.509,Playing,1920x1080,1876.509,2022-06-23T18:54:32.267,0,6,1442,100,4977
2237,5,96,4977,Normal,96,2119.200,23.976,Normal,4977,96,96,1877.566,Playing,1920x1080,1877.566,2022-06-23T18:54:33.281,0,6,1466,100,4977
2238,5,96,4977,Normal,96,2119.200,23.976,Normal,4977,96,96,1878.624,Playing,1920x1080,1878.624,2022-06-23T18:54:34.277,0,6,1491,100,4977
2239,5,96,4977,Normal,96,2119.200,23.976,Normal,4977,96,96,1879.687,Playing,1920x1080,1879.687,2022-06-23T18:54:35.279,0,6,1515,100,4977
2240,5,96,4977,Normal,96,2119.200,23.976,Normal,4977,96,96,1880.749,Playing,1920x1080,1880.749,2022-06-23T18:54:36.275,0,6,1539,100,4977
2241,5,96,4977,Normal,96,2119.200,23.976,Normal,4977,96,96,1881.543,Playing,1920x1080,1881.543,2022-06-23T18:54:37.272,0,6,1563,100,4977
2242,5,96,4977,Normal,96,2119.200,23.976,Normal,4977,96,96,1882.618,Playing,1920x1080,1882.618,2022-06-23T18:54:38.269,0,6,1588,100,4977
2243,5,96,4977,Normal,96,2119.200,23.976,Normal,4977,96,96,1883.677,Playing,1920x1080,1883.677,2022-06-23T18:54:39.282,0,6,1612,100,4977
2244,5,96,4977,Normal,96,2119.200,23.976,Normal,4977,96,96,1884.737,Playing,1920x1080,1884.737,2022-06-23T18:54:40.282,0,6,1636,100,4977
2245,5,96,4977,Normal,96,2119.200,23.976,Normal,4977,96,96,1885.796,Playing,1920x1080,1885.796,2022-06-23T18:54:41.267,0,6,1660,100,4977
2246,5,96,4977,Normal,96,2119.200,23.976,Normal,4977,96,96,1886.590,Playing,1920x1080,1886.590,2022-06-23T18:54:42.275,0,6,1684,100,4977
2247,5,96,4977,Normal,96,2119.200,23.976,Normal,4977,96,96,1887.679,Playing,1920x1080,1887.679,2022-06-23T18:54:43.283,0,6,1709,100,4977
2248,5,96,4977,Normal,96,2119.200,23.976,Normal,4977,96,96,1888.738,Playing,1920x1080,1888.738,2022-06-23T18:54:44.279,0,6,1733,100,4977
2249,5,96,4977,Normal,96,2119.200,23.976,Normal,4977,96,96,1889.796,Playing,1920x1080,1889.796,2022-06-23T18:54:45.274,0,6,1757,100,4977
2250,5,96,4977,Normal,96,2119.200,23.976,Normal,4977,96,96,1890.869,Playing,1920x1080,1890.869,2022-06-23T18:54:46.270,0,6,1782,100,4977
2251,5,96,4977,Normal,96,2119.200,23.976,Normal,4977,96,96,1891.662,Playing,1920x1080,1891.662,2022-06-23T18:54:47.281,0,6,1806,100,4977
2252,5,96,4977,Normal,96,2119.200,23.976,Normal,4977,96,96,1892.722,Playing,1920x1080,1892.722,2022-06-23T18:54:48.266,0,6,1830,100,4977
2253,5,96,4977,Normal,96,2119.200,23.976,Normal,4977,96,96,1893.782,Playing,1920x1080,1893.782,2022-06-23T18:54:49.277,0,6,1854,100,4977
2254,5,96,4977,Normal,96,2119.200,23.976,Normal,4977,96,96,1894.845,Playing,1920x1080,1894.845,2022-06-23T18:54:50.278,0,6,1878,100,4977
2255,5,96,4977,Normal,96,2119.200,23.976,Normal,4977,96,96,1895.904,Playing,1920x1080,1895.904,2022-06-23T18:54:51.275,0,6,1903,100,4977
2256,5,96,4977,Normal,96,2119.200,23.976,Normal,4977,96,96,1896.965,Playing,1920x1080,1896.965,2022-06-23T18:54:52.276,0,6,1927,100,4977
2257,5,96,4977,Normal,96,2119.200,23.976,Normal,4977,96,96,1897.762,Playing,1920x1080,1897.762,2022-06-23T18:54:53.273,0,6,1951,100,4977
2258,5,96,4977,Normal,96,2119.200,23.976,Normal,4977,96,96,1898.854,Playing,1920x1080,1898.854,2022-06-23T18:54:54.268,0,6,1976,100,4977
2259,5,96,4977,Normal,96,2119.200,23.976,Normal,4977,96,96,1899.908,Playing,1920x1080,1899.908,2022-06-23T18:54:55.266,0,6,2000,100,4977
2260,5,96,4977,Normal,96,2119.200,23.976,Normal,4977,96,96,1900.970,Playing,1920x1080,1900.970,2022-06-23T18:54:56.279,0,6,2024,100,4977
2261,5,96,4977,Normal,96,2119.200,23.976,Normal,4977,96,96,1901.762,Playing,1920x1080,1901.762,2022-06-23T18:54:57.269,0,6,2048,100,4977
2262,5,96,4977,Normal,96,2119.200,23.976,Normal,4977,96,96,1902.833,Playing,1920x1080,1902.833,2022-06-23T18:54:58.281,0,6,2073,100,4977
2263,5,96,4977,Normal,96,2119.200,23.976,Normal,4977,96,96,1903.890,Playing,1920x1080,1903.890,2022-06-23T18:54:59.278,0,6,2097,100,4977
2264,5,96,4977,Normal,96,2119.200,23.976,Normal,4977,96,96,1904.949,Playing,1920x1080,1904.949,2022-06-23T18:55:00.275,0,6,2121,100,4977
2265,5,96,4977,Normal,96,2119.200,23.976,Normal,4977,96,96,1906.038,Playing,1920x1080,1906.038,2022-06-23T18:55:01.270,0,6,2145,100,4977
2266,5,96,4977,Normal,96,2119.200,23.976,Normal,4977,96,96,1906.826,Playing,1920x1080,1906.826,2022-06-23T18:55:02.270,0,6,2170,100,4977
2267,5,96,4977,Normal,96,2119.200,23.976,Normal,4977,96,96,1907.902,Playing,1920x1080,1907.902,2022-06-23T18:55:03.279,0,6,2194,100,4977
2268,5,96,4977,Normal,96,2119.200,23.976,Normal,4977,96,96,1908.953,Playing,1920x1080,1908.953,2022-06-23T18:55:04.276,0,6,2218,100,4977
2269,5,96,4977,Normal,96,2119.200,23.976,Normal,4977,96,96,1910.026,Playing,1920x1080,1910.026,2022-06-23T18:55:05.273,0,6,2242,100,4977
2270,5,96,4977,Normal,96,2119.200,23.976,Normal,4977,96,96,1911.098,Playing,1920x1080,1911.098,2022-06-23T18:55:06.268,0,6,2266,100,4977
2271,5,96,4977,Normal,96,2119.200,23.976,Normal,4977,96,96,1911.894,Playing,1920x1080,1911.894,2022-06-23T18:55:07.278,0,6,2291,100,4977
2272,5,96,4977,Normal,96,2119.200,23.976,Normal,4977,96,96,1912.953,Playing,1920x1080,1912.953,2022-06-23T18:55:08.279,0,6,2315,100,4977
2273,5,96,4977,Normal,96,2119.200,23.976,Normal,4977,96,96,1914.025,Playing,1920x1080,1914.025,2022-06-23T18:55:09.271,0,6,2339,100,4977
2274,5,96,4977,Normal,96,2119.200,23.976,Normal,4977,96,96,1915.086,Playing,1920x1080,1915.086,2022-06-23T18:55:10.270,0,6,2364,100,4977
2275,5,96,4977,Normal,96,2119.200,23.976,Normal,4977,96,96,1916.167,Playing,1920x1080,1916.167,2022-06-23T18:55:11.267,0,6,2388,100,4977
2276,5,96,4977,Normal,96,2119.200,23.976,Normal,4977,96,96,1916.944,Playing,1920x1080,1916.944,2022-06-23T18:55:12.267,0,6,2412,100,4977
2277,5,96,4977,Normal,96,2119.200,23.976,Normal,4977,96,96,1917.998,Playing,1920x1080,1917.998,2022-06-23T18:55:13.274,0,6,2436,100,4977
2278,5,96,4977,Normal,96,2119.200,23.976,Normal,4977,96,96,1919.071,Playing,1920x1080,1919.071,2022-06-23T18:55:14.266,0,6,2460,100,4977
2279,5,96,4977,Normal,96,2119.200,23.976,Normal,4977,96,96,1920.131,Playing,1920x1080,1920.131,2022-06-23T18:55:15.269,0,6,2484,100,4977
2280,5,96,4977,Normal,96,2119.200,23.976,Normal,4977,96,96,1921.189,Playing,1920x1080,1921.189,2022-06-23T18:55:16.267,0,6,2509,100,4977
2281,5,96,4977,Normal,96,2119.200,23.976,Normal,4977,96,96,1921.981,Playing,1920x1080,1921.981,2022-06-23T18:55:17.272,0,6,2533,100,4977
2282,5,96,4977,Normal,96,2119.200,23.976,Normal,4977,96,96,1923.072,Playing,1920x1080,1923.072,2022-06-23T18:55:18.267,0,6,2557,100,4977
2283,5,96,4977,Normal,96,2119.200,23.976,Normal,4977,96,96,1924.133,Playing,1920x1080,1924.133,2022-06-23T18:55:19.266,0,6,2582,100,4977
2284,5,96,4977,Normal,96,2119.200,23.976,Normal,4977,96,96,1925.191,Playing,1920x1080,1925.191,2022-06-23T18:55:20.267,0,6,2606,100,4977
2285,5,96,4977,Normal,96,2119.200,23.976,Normal,4977,96,96,1926.253,Playing,1920x1080,1926.253,2022-06-23T18:55:21.266,0,6,2630,100,4977
2286,5,96,4977,Normal,96,2119.200,23.976,Normal,4977,96,96,1927.050,Playing,1920x1080,1927.050,2022-06-23T18:55:22.276,0,6,2654,100,4977
2287,5,96,4977,Normal,96,2119.200,23.976,Normal,4977,96,96,1928.106,Playing,1920x1080,1928.106,2022-06-23T18:55:23.276,0,6,2678,100,4977
2288,5,96,4977,Normal,96,2119.200,23.976,Normal,4977,96,96,1928.106,Playing,1920x1080,1928.106,2022-06-23T18:55:24.271,0,6,2678,100,4977
2289,5,96,4977,Normal,96,2119.200,23.976,Normal,4977,96,96,1929.180,Playing,1920x1080,1929.180,2022-06-23T18:55:25.277,0,6,2703,100,4977
2290,5,96,4977,Normal,96,2119.200,23.976,Normal,4977,96,96,1930.230,Playing,1920x1080,1930.230,2022-06-23T18:55:26.271,0,6,2727,100,4977
2291,5,96,4977,Normal,96,2119.200,23.976,Normal,4977,96,96,1931.307,Playing,1920x1080,1931.307,2022-06-23T18:55:27.271,0,6,2751,100,4977
2292,5,96,4977,Normal,96,2119.200,23.976,Normal,4977,96,96,1932.115,Playing,1920x1080,1932.115,2022-06-23T18:55:28.267,0,6,2775,100,4977
2293,5,96,4977,Normal,96,2119.200,23.976,Normal,4977,96,96,1933.159,Playing,1920x1080,1933.159,2022-06-23T18:55:29.276,0,6,2799,100,4977
2294,5,96,4977,Normal,96,2119.200,23.976,Normal,4977,96,96,1934.218,Playing,1920x1080,1934.218,2022-06-23T18:55:30.269,0,6,2824,100,4977
2295,5,96,4977,Normal,96,2119.200,23.976,Normal,4977,96,96,1935.303,Playing,1920x1080,1935.303,2022-06-23T18:55:31.280,0,6,2848,100,4977
2296,5,96,4977,Normal,96,2119.200,23.976,Normal,4977,96,96,1936.359,Playing,1920x1080,1936.359,2022-06-23T18:55:32.273,0,6,2872,100,4977
2297,5,96,4977,Normal,96,2119.200,23.976,Normal,4977,96,96,1937.159,Playing,1920x1080,1937.159,2022-06-23T18:55:33.269,0,6,2896,100,4977
2298,5,96,4977,Normal,96,2119.200,23.976,Normal,4977,96,96,1938.224,Playing,1920x1080,1938.224,2022-06-23T18:55:34.278,0,6,2920,100,4977
2299,5,96,4977,Normal,96,2119.200,23.976,Normal,4977,96,96,1939.280,Playing,1920x1080,1939.280,2022-06-23T18:55:35.273,0,6,2945,100,4977
2300,5,96,4977,Normal,96,2119.200,23.976,Normal,4977,96,96,1940.357,Playing,1920x1080,1940.357,2022-06-23T18:55:36.281,0,6,2969,100,4977
2301,5,96,4977,Normal,96,2119.200,23.976,Normal,4977,96,96,1941.162,Playing,1920x1080,1941.162,2022-06-23T18:55:37.280,0,6,2993,100,4977
2302,5,96,4977,Normal,96,2119.200,23.976,Normal,4977,96,96,1942.240,Playing,1920x1080,1942.240,2022-06-23T18:55:38.278,0,6,3017,100,4977
2303,5,96,4977,Normal,96,2119.200,23.976,Normal,4977,96,96,1943.297,Playing,1920x1080,1943.297,2022-06-23T18:55:39.274,0,6,3042,100,4977
2304,5,96,4977,Normal,96,2119.200,23.976,Normal,4977,96,96,1944.369,Playing,1920x1080,1944.369,2022-06-23T18:55:40.271,0,6,3066,100,4977
2305,5,96,4977,Normal,96,2119.200,23.976,Normal,4977,96,96,1945.417,Playing,1920x1080,1945.417,2022-06-23T18:55:41.280,0,6,3090,100,4977
2306,5,96,4977,Normal,96,2119.200,23.976,Normal,4977,96,96,1946.219,Playing,1920x1080,1946.219,2022-06-23T18:55:42.267,0,6,3114,100,4977
2307,5,96,4977,Normal,96,2119.200,23.976,Normal,4977,96,96,1947.298,Playing,1920x1080,1947.298,2022-06-23T18:55:43.269,0,6,3138,100,4977
2308,5,96,4977,Normal,96,2119.200,23.976,Normal,4977,96,96,1948.351,Playing,1920x1080,1948.351,2022-06-23T18:55:44.277,0,6,3163,100,4977
2309,5,96,4977,Normal,96,2119.200,23.976,Normal,4977,96,96,1949.405,Playing,1920x1080,1949.405,2022-06-23T18:55:45.272,0,6,3187,100,4977
2310,5,96,4977,Normal,96,2119.200,23.976,Normal,4977,96,96,1950.476,Playing,1920x1080,1950.476,2022-06-23T18:55:46.269,0,6,3211,100,4977
2311,5,96,4977,Normal,96,2119.200,23.976,Normal,4977,96,96,1951.272,Playing,1920x1080,1951.272,2022-06-23T18:55:47.280,0,6,3235,100,4977
2312,5,96,4977,Normal,96,2119.200,23.976,Normal,4977,96,96,1952.330,Playing,1920x1080,1952.330,2022-06-23T18:55:48.276,0,6,3260,100,4977
2313,5,96,4977,Normal,96,2119.200,23.976,Normal,4977,96,96,1953.387,Playing,1920x1080,1953.387,2022-06-23T18:55:49.280,0,6,3284,100,4977
2314,5,96,4977,Normal,96,2119.200,23.976,Normal,4977,96,96,1954.454,Playing,1920x1080,1954.454,2022-06-23T18:55:50.278,0,6,3308,100,4977
2315,5,96,4977,Normal,96,2119.200,23.976,Normal,4977,96,96,1955.514,Playing,1920x1080,1955.514,2022-06-23T18:55:51.270,0,6,3332,100,4977
2316,5,96,4977,Normal,96,2119.200,23.976,Normal,4977,96,96,1956.309,Playing,1920x1080,1956.309,2022-06-23T18:55:52.269,0,6,3356,100,4977
2317,5,96,4977,Normal,96,2119.200,23.976,Normal,4977,96,96,1957.379,Playing,1920x1080,1957.379,2022-06-23T18:55:53.278,0,6,3381,100,4977
2318,5,96,4977,Normal,96,2119.200,23.976,Normal,4977,96,96,1958.435,Playing,1920x1080,1958.435,2022-06-23T18:55:54.277,0,6,3405,100,4977
2319,5,96,4977,Normal,96,2119.200,23.976,Normal,4977,96,96,1959.499,Playing,1920x1080,1959.499,2022-06-23T18:55:55.270,0,6,3429,100,4977
2320,5,96,4977,Normal,96,2119.200,23.976,Normal,4977,96,96,1960.562,Playing,1920x1080,1960.562,2022-06-23T18:55:56.273,0,6,3453,100,4977
2321,5,96,4977,Normal,96,2119.200,23.976,Normal,4977,96,96,1961.355,Playing,1920x1080,1961.355,2022-06-23T18:55:57.272,0,6,3477,100,4977
2322,5,96,4977,Normal,96,2119.200,23.976,Normal,4977,96,96,1962.434,Playing,1920x1080,1962.434,2022-06-23T18:55:58.269,0,6,3502,100,4977
2323,5,96,4977,Normal,96,2119.200,23.976,Normal,4977,96,96,1963.509,Playing,1920x1080,1963.509,2022-06-23T18:55:59.267,0,6,3526,100,4977
2324,5,96,4977,Normal,96,2119.200,23.976,Normal,4977,96,96,1964.563,Playing,1920x1080,1964.563,2022-06-23T18:56:00.278,0,6,3550,100,4977
2325,5,96,4977,Normal,96,2119.200,23.976,Normal,4977,96,96,1965.625,Playing,1920x1080,1965.625,2022-06-23T18:56:01.275,0,6,3574,100,4977
2326,5,96,4977,Normal,96,2119.200,23.976,Normal,4977,96,96,1966.438,Playing,1920x1080,1966.438,2022-06-23T18:56:02.273,0,6,3599,100,4977
2327,5,96,4977,Normal,96,2119.200,23.976,Normal,4977,96,96,1967.480,Playing,1920x1080,1967.480,2022-06-23T18:56:03.270,0,6,3623,100,4977
2328,5,96,4977,Normal,96,2119.200,23.976,Normal,4977,96,96,1968.549,Playing,1920x1080,1968.549,2022-06-23T18:56:04.277,0,6,3647,100,4977
2329,5,96,4977,Normal,96,2119.200,23.976,Normal,4977,96,96,1969.606,Playing,1920x1080,1969.606,2022-06-23T18:56:05.271,0,6,3671,100,4977
2330,5,96,4977,Normal,96,2119.200,23.976,Normal,4977,96,96,1970.678,Playing,1920x1080,1970.678,2022-06-23T18:56:06.268,0,6,3695,100,4977
2331,5,96,4977,Normal,96,2119.200,23.976,Normal,4977,96,96,1971.473,Playing,1920x1080,1971.473,2022-06-23T18:56:07.273,0,6,3720,100,4977
2332,5,96,4977,Normal,96,2119.200,23.976,Normal,4977,96,96,1972.546,Playing,1920x1080,1972.546,2022-06-23T18:56:08.285,0,6,3744,100,4977
2333,5,96,4977,Normal,96,2119.200,23.976,Normal,4977,96,96,1973.605,Playing,1920x1080,1973.605,2022-06-23T18:56:09.268,0,6,3768,100,4977
2334,5,96,4977,Normal,96,2119.200,23.976,Normal,4977,96,96,1974.667,Playing,1920x1080,1974.667,2022-06-23T18:56:10.277,0,6,3792,100,4977
2335,5,96,4977,Normal,96,2119.200,23.976,Normal,4977,96,96,1975.742,Playing,1920x1080,1975.742,2022-06-23T18:56:11.275,0,6,3816,100,4977
2336,5,96,4977,Normal,96,2119.200,23.976,Normal,4977,96,96,1976.539,Playing,1920x1080,1976.539,2022-06-23T18:56:12.267,0,6,3840,100,4977
2337,5,96,4977,Normal,96,2119.200,23.976,Normal,4977,96,96,1977.594,Playing,1920x1080,1977.594,2022-06-23T18:56:13.279,0,6,3865,100,4977
2338,5,96,4977,Normal,96,2119.200,23.976,Normal,4977,96,96,1978.654,Playing,1920x1080,1978.654,2022-06-23T18:56:14.282,0,6,3889,100,4977
2339,5,96,4977,Normal,96,2119.200,23.976,Normal,4977,96,96,1979.718,Playing,1920x1080,1979.718,2022-06-23T18:56:15.275,0,6,3913,100,4977
2340,5,96,4977,Normal,96,2119.200,23.976,Normal,4977,96,96,1980.526,Playing,1920x1080,1980.526,2022-06-23T18:56:16.272,0,6,3937,100,4977
2341,5,96,4977,Normal,96,2119.200,23.976,Normal,4977,96,96,1981.599,Playing,1920x1080,1981.599,2022-06-23T18:56:17.270,0,6,3962,100,4977
2342,5,96,4977,Normal,96,2119.200,23.976,Normal,4977,96,96,1982.659,Playing,1920x1080,1982.659,2022-06-23T18:56:18.280,0,6,3985,100,4977
2343,5,96,4977,Normal,96,2119.200,23.976,Normal,4977,96,96,1983.720,Playing,1920x1080,1983.720,2022-06-23T18:56:19.280,0,6,4010,100,4977
2344,5,96,4977,Normal,96,2119.200,23.976,Normal,4977,96,96,1984.792,Playing,1920x1080,1984.792,2022-06-23T18:56:20.280,0,6,4034,100,4977
2345,5,96,4977,Normal,96,2119.200,23.976,Normal,4977,96,96,1985.594,Playing,1920x1080,1985.594,2022-06-23T18:56:21.279,0,6,4058,100,4977
2346,5,96,4977,Normal,96,2119.200,23.976,Normal,4977,96,96,1986.655,Playing,1920x1080,1986.655,2022-06-23T18:56:22.276,0,6,4083,100,4977
2347,5,96,4977,Normal,96,2119.200,23.976,Normal,4977,96,96,1987.729,Playing,1920x1080,1987.729,2022-06-23T18:56:23.268,0,6,4107,100,4977
2348,5,96,4977,Normal,96,2119.200,23.976,Normal,4977,96,96,1988.781,Playing,1920x1080,1988.781,2022-06-23T18:56:24.279,0,6,4131,100,4977
2349,5,96,4977,Normal,96,2119.200,23.976,Normal,4977,96,96,1989.847,Playing,1920x1080,1989.847,2022-06-23T18:56:25.281,0,6,4155,100,4977
2350,5,96,4977,Normal,96,2119.200,23.976,Normal,4977,96,96,1990.640,Playing,1920x1080,1990.640,2022-06-23T18:56:26.275,0,6,4179,100,4977
2351,5,96,4977,Normal,96,2119.200,23.976,Normal,4977,96,96,1991.718,Playing,1920x1080,1991.718,2022-06-23T18:56:27.281,0,6,4203,100,4977
2352,5,96,4977,Normal,96,2119.200,23.976,Normal,4977,96,96,1992.764,Playing,1920x1080,1992.764,2022-06-23T18:56:28.266,0,6,4227,100,4977
2353,5,96,4977,Normal,96,2119.200,23.976,Normal,4977,96,96,1993.828,Playing,1920x1080,1993.828,2022-06-23T18:56:29.276,0,6,4252,100,4977
2354,5,96,4977,Normal,96,2119.200,23.976,Normal,4977,96,96,1994.889,Playing,1920x1080,1994.889,2022-06-23T18:56:30.274,0,6,4276,100,4977
2355,5,96,4977,Normal,96,2119.200,23.976,Normal,4977,96,96,1995.712,Playing,1920x1080,1995.712,2022-06-23T18:56:31.271,0,6,4300,100,4977
2356,5,96,4977,Normal,96,2119.200,23.976,Normal,4977,96,96,1996.771,Playing,1920x1080,1996.771,2022-06-23T18:56:32.267,0,6,4324,100,4977
2357,5,96,4977,Normal,96,2119.200,23.976,Normal,4977,96,96,1997.844,Playing,1920x1080,1997.844,2022-06-23T18:56:33.275,0,6,4348,100,4977
2358,5,96,4977,Normal,96,2119.200,23.976,Normal,4977,96,96,1998.901,Playing,1920x1080,1998.901,2022-06-23T18:56:34.280,0,6,4373,100,4977
2359,5,96,4977,Normal,96,2119.200,23.976,Normal,4977,96,96,1999.709,Playing,1920x1080,1999.709,2022-06-23T18:56:35.270,0,6,4397,100,4977
2360,5,96,4977,Normal,96,2119.200,23.976,Normal,4977,96,96,2000.769,Playing,1920x1080,2000.769,2022-06-23T18:56:36.268,0,6,4422,100,4977
2361,5,96,4977,Normal,96,2119.200,23.976,Normal,4977,96,96,2001.830,Playing,1920x1080,2001.830,2022-06-23T18:56:37.279,0,6,4446,100,4977
2362,5,96,4977,Normal,96,2119.200,23.976,Normal,4977,96,96,2002.890,Playing,1920x1080,2002.890,2022-06-23T18:56:38.273,0,6,4470,100,4977
2363,5,96,4977,Normal,96,2119.200,23.976,Normal,4977,96,96,2003.958,Playing,1920x1080,2003.958,2022-06-23T18:56:39.267,0,6,4494,100,4977
2364,5,96,4977,Normal,96,2119.200,23.976,Normal,4977,96,96,2005.011,Playing,1920x1080,2005.011,2022-06-23T18:56:40.274,0,6,4518,100,4977
2365,5,96,4977,Normal,96,2119.200,23.976,Normal,4977,96,96,2005.820,Playing,1920x1080,2005.820,2022-06-23T18:56:41.274,0,6,4542,100,4977
2366,5,96,4977,Normal,96,2119.200,23.976,Normal,4977,96,96,2006.871,Playing,1920x1080,2006.871,2022-06-23T18:56:42.285,0,6,4566,100,4977
2367,5,96,4977,Normal,96,2119.200,23.976,Normal,4977,96,96,2007.940,Playing,1920x1080,2007.940,2022-06-23T18:56:43.279,0,6,4591,100,4977
2368,5,96,4977,Normal,96,2119.200,23.976,Normal,4977,96,96,2009.002,Playing,1920x1080,2009.002,2022-06-23T18:56:44.285,0,6,4615,100,4977
2369,5,96,4977,Normal,96,2119.200,23.976,Normal,4977,96,96,2009.792,Playing,1920x1080,2009.792,2022-06-23T18:56:45.272,0,6,4639,100,4977
2370,5,96,4977,Normal,96,2119.200,23.976,Normal,4977,96,96,2010.866,Playing,1920x1080,2010.866,2022-06-23T18:56:46.266,0,6,4663,100,4977
2371,5,96,4977,Normal,96,2119.200,23.976,Normal,4977,96,96,2011.925,Playing,1920x1080,2011.925,2022-06-23T18:56:47.284,0,6,4688,100,4977
2372,5,96,4977,Normal,96,2119.200,23.976,Normal,4977,96,96,2012.985,Playing,1920x1080,2012.985,2022-06-23T18:56:48.285,0,6,4712,100,4977
2373,5,96,4977,Normal,96,2119.200,23.976,Normal,4977,96,96,2014.045,Playing,1920x1080,2014.045,2022-06-23T18:56:49.278,0,6,4736,100,4977
2374,5,96,4977,Normal,96,2119.200,23.976,Normal,4977,96,96,2015.106,Playing,1920x1080,2015.106,2022-06-23T18:56:50.274,0,6,4760,100,4977
2375,5,96,4977,Normal,96,2119.200,23.976,Normal,4977,96,96,2015.916,Playing,1920x1080,2015.916,2022-06-23T18:56:51.276,0,6,4785,100,4977
2376,5,96,4977,Normal,96,2119.200,23.976,Normal,4977,96,96,2016.974,Playing,1920x1080,2016.974,2022-06-23T18:56:52.270,0,6,4809,100,4977
2377,5,96,4977,Normal,96,2119.200,23.976,Normal,4977,96,96,2018.032,Playing,1920x1080,2018.032,2022-06-23T18:56:53.268,0,6,4833,100,4977
2378,5,96,4977,Normal,96,2119.200,23.976,Normal,4977,96,96,2019.093,Playing,1920x1080,2019.093,2022-06-23T18:56:54.267,0,6,4857,100,4977
2379,5,96,4977,Normal,96,2119.200,23.976,Normal,4977,96,96,2020.155,Playing,1920x1080,2020.155,2022-06-23T18:56:55.278,0,6,4882,100,4977
2380,5,96,4977,Normal,96,2119.200,23.976,Normal,4977,96,96,2020.963,Playing,1920x1080,2020.963,2022-06-23T18:56:56.271,0,6,4906,100,4977
2381,5,96,4977,Normal,96,2119.200,23.976,Normal,4977,96,96,2022.016,Playing,1920x1080,2022.016,2022-06-23T18:56:57.280,0,6,4930,100,4977
2382,5,96,4977,Normal,96,2119.200,23.976,Normal,4977,96,96,2023.085,Playing,1920x1080,2023.085,2022-06-23T18:56:58.270,0,6,4954,100,4977
2383,5,96,4977,Normal,96,2119.200,23.976,Normal,4977,96,96,2024.149,Playing,1920x1080,2024.149,2022-06-23T18:56:59.270,0,6,4978,100,4977
2384,5,96,4977,Normal,96,2119.200,23.976,Normal,4977,96,96,2025.211,Playing,1920x1080,2025.211,2022-06-23T18:57:00.269,0,6,5003,100,4977
2385,5,96,4977,Normal,96,2119.200,23.976,Normal,4977,96,96,2026.006,Playing,1920x1080,2026.006,2022-06-23T18:57:01.267,0,6,5027,100,4977
2386,5,96,4977,Normal,96,2119.200,23.976,Normal,4977,96,96,2027.067,Playing,1920x1080,2027.067,2022-06-23T18:57:02.266,0,6,5051,100,4977
2387,5,96,4977,Normal,96,2119.200,23.976,Normal,4977,96,96,2028.128,Playing,1920x1080,2028.128,2022-06-23T18:57:03.266,0,6,5076,100,4977
2388,5,96,4977,Normal,96,2119.200,23.976,Normal,4977,96,96,2029.193,Playing,1920x1080,2029.193,2022-06-23T18:57:04.270,0,6,5100,100,4977
2389,5,96,4977,Normal,96,2119.200,23.976,Normal,4977,96,96,2030.246,Playing,1920x1080,2030.246,2022-06-23T18:57:05.268,0,6,5124,100,4977
2390,5,96,4977,Normal,96,2119.200,23.976,Normal,4977,96,96,2031.072,Playing,1920x1080,2031.072,2022-06-23T18:57:06.286,0,6,5148,100,4977
2391,5,96,4977,Normal,96,2119.200,23.976,Normal,4977,96,96,2031.072,Playing,1920x1080,2031.072,2022-06-23T18:57:07.269,0,6,5148,100,4977
2392,5,96,4977,Normal,96,2119.200,23.976,Normal,4977,96,96,2032.132,Playing,1920x1080,2032.132,2022-06-23T18:57:08.266,0,6,5172,100,4977
2393,5,96,4977,Normal,96,2119.200,23.976,Normal,4977,96,96,2033.192,Playing,1920x1080,2033.192,2022-06-23T18:57:09.281,0,6,5196,100,4977
2394,5,96,4977,Normal,96,2119.200,23.976,Normal,4977,96,96,2034.254,Playing,1920x1080,2034.254,2022-06-23T18:57:10.281,0,6,5220,100,4977
2395,5,96,4977,Normal,96,2119.200,23.976,Normal,4977,96,96,2035.316,Playing,1920x1080,2035.316,2022-06-23T18:57:11.274,0,6,5244,100,4977
2396,5,96,4977,Normal,96,2119.200,23.976,Normal,4977,96,96,2036.106,Playing,1920x1080,2036.106,2022-06-23T18:57:12.278,0,6,5269,100,4977
2397,5,96,4977,Normal,96,2119.200,23.976,Normal,4977,96,96,2037.198,Playing,1920x1080,2037.198,2022-06-23T18:57:13.275,0,6,5293,100,4977
2398,5,96,4977,Normal,96,2119.200,23.976,Normal,4977,96,96,2038.275,Playing,1920x1080,2038.275,2022-06-23T18:57:14.272,0,6,5317,100,4977
2399,5,96,4977,Normal,96,2119.200,23.976,Normal,4977,96,96,2039.336,Playing,1920x1080,2039.336,2022-06-23T18:57:15.278,0,6,5341,100,4977
2400,5,96,4977,Normal,96,2119.200,23.976,Normal,4977,96,96,2040.129,Playing,1920x1080,2040.129,2022-06-23T18:57:16.268,0,6,5365,100,4977
2401,5,96,4977,Normal,96,2119.200,23.976,Normal,4977,96,96,2041.197,Playing,1920x1080,2041.197,2022-06-23T18:57:17.274,0,6,5389,100,4977
